Year,Month,Factory,Location,Machine Type,Machine Utilization (%),Machine Downtime (hours),Maintenance History,Machine Age (years),Batch Quality (Pass %),Cycle Time (minutes),Energy Consumption (kWh),Energy Efficiency Rating,CO2 Emissions (kg),Emission Limit Compliance,Waste Generated (kg),Water Usage (liters),Shift,Operator Experience (years),Team Size,Operator Training Level,Absenteeism Rate (%),Product Category,Supplier,Supplier Delays (days),Raw Material Quality,Market Demand Index,Cost of Downtime ($),Profit Margin (%),Breakdowns (count),Safety Incidents (count),Defect Root Cause,Production Volume (units),Defect Rate (%),Foam Density,Sales Data,Day,Predicted Revenue ($)
2025,1,2,1,0.983,75.087384853468,5.1235797895128,0.9932,10.3998,92.721868736494,32.5424621251856,299.331898,1.5288,29.956514000000002,0.4986,10.570336,3020.259442,1.0016,14.8794,6.0178,0.9918,10.005598411952,0.989,1.0148,15.1528,1.0186,0.5008611607164,5435.944922,17.551766,2.0352,2.5354,0.9832,5487.2412,5.008947999999999,1.2468540000000001,27596.527794,15.7162,-487572.42814425984
2025,2,2,1,0.983,75.087384853468,5.1235797895128,0.9932,10.3998,92.721868736494,32.5424621251856,299.331898,1.5288,29.956514000000002,0.4986,10.570336,3020.259442,1.0016,14.8794,6.0178,0.9918,10.005598411952,0.989,1.0148,15.1528,1.0186,0.5008611607164,5435.944922,17.551766,2.0352,2.5354,0.9832,5487.2412,5.008947999999999,1.2468540000000001,27596.527794,15.7162,-487743.03955507895
2025,3,2,1,0.983,75.087384853468,5.1235797895128,0.9932,10.3998,92.721868736494,32.5424621251856,299.331898,1.5288,29.956514000000002,0.4986,10.570336,3020.259442,1.0016,14.8794,6.0178,0.9918,10.005598411952,0.989,1.0148,15.1528,1.0186,0.5008611607164,5435.944922,17.551766,2.0352,2.5354,0.9832,5487.2412,5.008947999999999,1.2468540000000001,27596.527794,15.7162,-487913.6509658982
2025,4,2,1,0.983,75.087384853468,5.1235797895128,0.9932,10.3998,92.721868736494,32.5424621251856,299.331898,1.5288,29.956514000000002,0.4986,10.570336,3020.259442,1.0016,14.8794,6.0178,0.9918,10.005598411952,0.989,1.0148,15.1528,1.0186,0.5008611607164,5435.944922,17.551766,2.0352,2.5354,0.9832,5487.2412,5.008947999999999,1.2468540000000001,27596.527794,15.7162,-488084.2623767173
2025,5,2,1,0.983,75.087384853468,5.1235797895128,0.9932,10.3998,92.721868736494,32.5424621251856,299.331898,1.5288,29.956514000000002,0.4986,10.570336,3020.259442,1.0016,14.8794,6.0178,0.9918,10.005598411952,0.989,1.0148,15.1528,1.0186,0.5008611607164,5435.944922,17.551766,2.0352,2.5354,0.9832,5487.2412,5.008947999999999,1.2468540000000001,27596.527794,15.7162,-488254.8737875365
2025,6,2,1,0.983,75.087384853468,5.1235797895128,0.9932,10.3998,92.721868736494,32.5424621251856,299.331898,1.5288,29.956514000000002,0.4986,10.570336,3020.259442,1.0016,14.8794,6.0178,0.9918,10.005598411952,0.989,1.0148,15.1528,1.0186,0.5008611607164,5435.944922,17.551766,2.0352,2.5354,0.9832,5487.2412,5.008947999999999,1.2468540000000001,27596.527794,15.7162,-488425.48519835563
2025,1,2,2,0.983,75.087384853468,5.1235797895128,0.9932,10.3998,92.721868736494,32.5424621251856,299.331898,1.5288,29.956514000000002,0.4986,10.570336,3020.259442,1.0016,14.8794,6.0178,0.9918,10.005598411952,0.989,1.0148,15.1528,1.0186,0.5008611607164,5435.944922,17.551766,2.0352,2.5354,0.9832,5487.2412,5.008947999999999,1.2468540000000001,27596.527794,15.7162,-487110.22125183465
2025,2,2,2,0.983,75.087384853468,5.1235797895128,0.9932,10.3998,92.721868736494,32.5424621251856,299.331898,1.5288,29.956514000000002,0.4986,10.570336,3020.259442,1.0016,14.8794,6.0178,0.9918,10.005598411952,0.989,1.0148,15.1528,1.0186,0.5008611607164,5435.944922,17.551766,2.0352,2.5354,0.9832,5487.2412,5.008947999999999,1.2468540000000001,27596.527794,15.7162,-487280.83266265376
2025,3,2,2,0.983,75.087384853468,5.1235797895128,0.9932,10.3998,92.721868736494,32.5424621251856,299.331898,1.5288,29.956514000000002,0.4986,10.570336,3020.259442,1.0016,14.8794,6.0178,0.9918,10.005598411952,0.989,1.0148,15.1528,1.0186,0.5008611607164,5435.944922,17.551766,2.0352,2.5354,0.9832,5487.2412,5.008947999999999,1.2468540000000001,27596.527794,15.7162,-487451.444073473
2025,4,2,2,0.983,75.087384853468,5.1235797895128,0.9932,10.3998,92.721868736494,32.5424621251856,299.331898,1.5288,29.956514000000002,0.4986,10.570336,3020.259442,1.0016,14.8794,6.0178,0.9918,10.005598411952,0.989,1.0148,15.1528,1.0186,0.5008611607164,5435.944922,17.551766,2.0352,2.5354,0.9832,5487.2412,5.008947999999999,1.2468540000000001,27596.527794,15.7162,-487622.0554842921
2025,5,2,2,0.983,75.087384853468,5.1235797895128,0.9932,10.3998,92.721868736494,32.5424621251856,299.331898,1.5288,29.956514000000002,0.4986,10.570336,3020.259442,1.0016,14.8794,6.0178,0.9918,10.005598411952,0.989,1.0148,15.1528,1.0186,0.5008611607164,5435.944922,17.551766,2.0352,2.5354,0.9832,5487.2412,5.008947999999999,1.2468540000000001,27596.527794,15.7162,-487792.6668951113
2025,6,2,2,0.983,75.087384853468,5.1235797895128,0.9932,10.3998,92.721868736494,32.5424621251856,299.331898,1.5288,29.956514000000002,0.4986,10.570336,3020.259442,1.0016,14.8794,6.0178,0.9918,10.005598411952,0.989,1.0148,15.1528,1.0186,0.5008611607164,5435.944922,17.551766,2.0352,2.5354,0.9832,5487.2412,5.008947999999999,1.2468540000000001,27596.527794,15.7162,-487963.27830593043
2025,1,2,3,0.983,75.087384853468,5.1235797895128,0.9932,10.3998,92.721868736494,32.5424621251856,299.331898,1.5288,29.956514000000002,0.4986,10.570336,3020.259442,1.0016,14.8794,6.0178,0.9918,10.005598411952,0.989,1.0148,15.1528,1.0186,0.5008611607164,5435.944922,17.551766,2.0352,2.5354,0.9832,5487.2412,5.008947999999999,1.2468540000000001,27596.527794,15.7162,-486648.0143594099
2025,2,2,3,0.983,75.087384853468,5.1235797895128,0.9932,10.3998,92.721868736494,32.5424621251856,299.331898,1.5288,29.956514000000002,0.4986,10.570336,3020.259442,1.0016,14.8794,6.0178,0.9918,10.005598411952,0.989,1.0148,15.1528,1.0186,0.5008611607164,5435.944922,17.551766,2.0352,2.5354,0.9832,5487.2412,5.008947999999999,1.2468540000000001,27596.527794,15.7162,-486818.62577022903
2025,3,2,3,0.983,75.087384853468,5.1235797895128,0.9932,10.3998,92.721868736494,32.5424621251856,299.331898,1.5288,29.956514000000002,0.4986,10.570336,3020.259442,1.0016,14.8794,6.0178,0.9918,10.005598411952,0.989,1.0148,15.1528,1.0186,0.5008611607164,5435.944922,17.551766,2.0352,2.5354,0.9832,5487.2412,5.008947999999999,1.2468540000000001,27596.527794,15.7162,-486989.23718104826
2025,4,2,3,0.983,75.087384853468,5.1235797895128,0.9932,10.3998,92.721868736494,32.5424621251856,299.331898,1.5288,29.956514000000002,0.4986,10.570336,3020.259442,1.0016,14.8794,6.0178,0.9918,10.005598411952,0.989,1.0148,15.1528,1.0186,0.5008611607164,5435.944922,17.551766,2.0352,2.5354,0.9832,5487.2412,5.008947999999999,1.2468540000000001,27596.527794,15.7162,-487159.84859186737
2025,5,2,3,0.983,75.087384853468,5.1235797895128,0.9932,10.3998,92.721868736494,32.5424621251856,299.331898,1.5288,29.956514000000002,0.4986,10.570336,3020.259442,1.0016,14.8794,6.0178,0.9918,10.005598411952,0.989,1.0148,15.1528,1.0186,0.5008611607164,5435.944922,17.551766,2.0352,2.5354,0.9832,5487.2412,5.008947999999999,1.2468540000000001,27596.527794,15.7162,-487330.4600026866
2025,6,2,3,0.983,75.087384853468,5.1235797895128,0.9932,10.3998,92.721868736494,32.5424621251856,299.331898,1.5288,29.956514000000002,0.4986,10.570336,3020.259442,1.0016,14.8794,6.0178,0.9918,10.005598411952,0.989,1.0148,15.1528,1.0186,0.5008611607164,5435.944922,17.551766,2.0352,2.5354,0.9832,5487.2412,5.008947999999999,1.2468540000000001,27596.527794,15.7162,-487501.0714135057
2025,1,2,0,0.983,75.087384853468,5.1235797895128,0.9932,10.3998,92.721868736494,32.5424621251856,299.331898,1.5288,29.956514000000002,0.4986,10.570336,3020.259442,1.0016,14.8794,6.0178,0.9918,10.005598411952,0.989,1.0148,15.1528,1.0186,0.5008611607164,5435.944922,17.551766,2.0352,2.5354,0.9832,5487.2412,5.008947999999999,1.2468540000000001,27596.527794,15.7162,-488034.6350366846
2025,2,2,0,0.983,75.087384853468,5.1235797895128,0.9932,10.3998,92.721868736494,32.5424621251856,299.331898,1.5288,29.956514000000002,0.4986,10.570336,3020.259442,1.0016,14.8794,6.0178,0.9918,10.005598411952,0.989,1.0148,15.1528,1.0186,0.5008611607164,5435.944922,17.551766,2.0352,2.5354,0.9832,5487.2412,5.008947999999999,1.2468540000000001,27596.527794,15.7162,-488205.2464475037
2025,3,2,0,0.983,75.087384853468,5.1235797895128,0.9932,10.3998,92.721868736494,32.5424621251856,299.331898,1.5288,29.956514000000002,0.4986,10.570336,3020.259442,1.0016,14.8794,6.0178,0.9918,10.005598411952,0.989,1.0148,15.1528,1.0186,0.5008611607164,5435.944922,17.551766,2.0352,2.5354,0.9832,5487.2412,5.008947999999999,1.2468540000000001,27596.527794,15.7162,-488375.8578583229
2025,4,2,0,0.983,75.087384853468,5.1235797895128,0.9932,10.3998,92.721868736494,32.5424621251856,299.331898,1.5288,29.956514000000002,0.4986,10.570336,3020.259442,1.0016,14.8794,6.0178,0.9918,10.005598411952,0.989,1.0148,15.1528,1.0186,0.5008611607164,5435.944922,17.551766,2.0352,2.5354,0.9832,5487.2412,5.008947999999999,1.2468540000000001,27596.527794,15.7162,-488546.469269142
2025,5,2,0,0.983,75.087384853468,5.1235797895128,0.9932,10.3998,92.721868736494,32.5424621251856,299.331898,1.5288,29.956514000000002,0.4986,10.570336,3020.259442,1.0016,14.8794,6.0178,0.9918,10.005598411952,0.989,1.0148,15.1528,1.0186,0.5008611607164,5435.944922,17.551766,2.0352,2.5354,0.9832,5487.2412,5.008947999999999,1.2468540000000001,27596.527794,15.7162,-488717.08067996125
2025,6,2,0,0.983,75.087384853468,5.1235797895128,0.9932,10.3998,92.721868736494,32.5424621251856,299.331898,1.5288,29.956514000000002,0.4986,10.570336,3020.259442,1.0016,14.8794,6.0178,0.9918,10.005598411952,0.989,1.0148,15.1528,1.0186,0.5008611607164,5435.944922,17.551766,2.0352,2.5354,0.9832,5487.2412,5.008947999999999,1.2468540000000001,27596.527794,15.7162,-488887.69209078036
2025,1,1,1,0.983,75.087384853468,5.1235797895128,0.9932,10.3998,92.721868736494,32.5424621251856,299.331898,1.5288,29.956514000000002,0.4986,10.570336,3020.259442,1.0016,14.8794,6.0178,0.9918,10.005598411952,0.989,1.0148,15.1528,1.0186,0.5008611607164,5435.944922,17.551766,2.0352,2.5354,0.9832,5487.2412,5.008947999999999,1.2468540000000001,27596.527794,15.7162,-487838.35723056644
2025,2,1,1,0.983,75.087384853468,5.1235797895128,0.9932,10.3998,92.721868736494,32.5424621251856,299.331898,1.5288,29.956514000000002,0.4986,10.570336,3020.259442,1.0016,14.8794,6.0178,0.9918,10.005598411952,0.989,1.0148,15.1528,1.0186,0.5008611607164,5435.944922,17.551766,2.0352,2.5354,0.9832,5487.2412,5.008947999999999,1.2468540000000001,27596.527794,15.7162,-488008.96864138555
2025,3,1,1,0.983,75.087384853468,5.1235797895128,0.9932,10.3998,92.721868736494,32.5424621251856,299.331898,1.5288,29.956514000000002,0.4986,10.570336,3020.259442,1.0016,14.8794,6.0178,0.9918,10.005598411952,0.989,1.0148,15.1528,1.0186,0.5008611607164,5435.944922,17.551766,2.0352,2.5354,0.9832,5487.2412,5.008947999999999,1.2468540000000001,27596.527794,15.7162,-488179.5800522048
2025,4,1,1,0.983,75.087384853468,5.1235797895128,0.9932,10.3998,92.721868736494,32.5424621251856,299.331898,1.5288,29.956514000000002,0.4986,10.570336,3020.259442,1.0016,14.8794,6.0178,0.9918,10.005598411952,0.989,1.0148,15.1528,1.0186,0.5008611607164,5435.944922,17.551766,2.0352,2.5354,0.9832,5487.2412,5.008947999999999,1.2468540000000001,27596.527794,15.7162,-488350.1914630239
2025,5,1,1,0.983,75.087384853468,5.1235797895128,0.9932,10.3998,92.721868736494,32.5424621251856,299.331898,1.5288,29.956514000000002,0.4986,10.570336,3020.259442,1.0016,14.8794,6.0178,0.9918,10.005598411952,0.989,1.0148,15.1528,1.0186,0.5008611607164,5435.944922,17.551766,2.0352,2.5354,0.9832,5487.2412,5.008947999999999,1.2468540000000001,27596.527794,15.7162,-488520.8028738431
2025,6,1,1,0.983,75.087384853468,5.1235797895128,0.9932,10.3998,92.721868736494,32.5424621251856,299.331898,1.5288,29.956514000000002,0.4986,10.570336,3020.259442,1.0016,14.8794,6.0178,0.9918,10.005598411952,0.989,1.0148,15.1528,1.0186,0.5008611607164,5435.944922,17.551766,2.0352,2.5354,0.9832,5487.2412,5.008947999999999,1.2468540000000001,27596.527794,15.7162,-488691.4142846622
2025,1,1,2,0.983,75.087384853468,5.1235797895128,0.9932,10.3998,92.721868736494,32.5424621251856,299.331898,1.5288,29.956514000000002,0.4986,10.570336,3020.259442,1.0016,14.8794,6.0178,0.9918,10.005598411952,0.989,1.0148,15.1528,1.0186,0.5008611607164,5435.944922,17.551766,2.0352,2.5354,0.9832,5487.2412,5.008947999999999,1.2468540000000001,27596.527794,15.7162,-487376.15033814125
2025,2,1,2,0.983,75.087384853468,5.1235797895128,0.9932,10.3998,92.721868736494,32.5424621251856,299.331898,1.5288,29.956514000000002,0.4986,10.570336,3020.259442,1.0016,14.8794,6.0178,0.9918,10.005598411952,0.989,1.0148,15.1528,1.0186,0.5008611607164,5435.944922,17.551766,2.0352,2.5354,0.9832,5487.2412,5.008947999999999,1.2468540000000001,27596.527794,15.7162,-487546.76174896036
2025,3,1,2,0.983,75.087384853468,5.1235797895128,0.9932,10.3998,92.721868736494,32.5424621251856,299.331898,1.5288,29.956514000000002,0.4986,10.570336,3020.259442,1.0016,14.8794,6.0178,0.9918,10.005598411952,0.989,1.0148,15.1528,1.0186,0.5008611607164,5435.944922,17.551766,2.0352,2.5354,0.9832,5487.2412,5.008947999999999,1.2468540000000001,27596.527794,15.7162,-487717.3731597796
2025,4,1,2,0.983,75.087384853468,5.1235797895128,0.9932,10.3998,92.721868736494,32.5424621251856,299.331898,1.5288,29.956514000000002,0.4986,10.570336,3020.259442,1.0016,14.8794,6.0178,0.9918,10.005598411952,0.989,1.0148,15.1528,1.0186,0.5008611607164,5435.944922,17.551766,2.0352,2.5354,0.9832,5487.2412,5.008947999999999,1.2468540000000001,27596.527794,15.7162,-487887.9845705987
2025,5,1,2,0.983,75.087384853468,5.1235797895128,0.9932,10.3998,92.721868736494,32.5424621251856,299.331898,1.5288,29.956514000000002,0.4986,10.570336,3020.259442,1.0016,14.8794,6.0178,0.9918,10.005598411952,0.989,1.0148,15.1528,1.0186,0.5008611607164,5435.944922,17.551766,2.0352,2.5354,0.9832,5487.2412,5.008947999999999,1.2468540000000001,27596.527794,15.7162,-488058.5959814179
2025,6,1,2,0.983,75.087384853468,5.1235797895128,0.9932,10.3998,92.721868736494,32.5424621251856,299.331898,1.5288,29.956514000000002,0.4986,10.570336,3020.259442,1.0016,14.8794,6.0178,0.9918,10.005598411952,0.989,1.0148,15.1528,1.0186,0.5008611607164,5435.944922,17.551766,2.0352,2.5354,0.9832,5487.2412,5.008947999999999,1.2468540000000001,27596.527794,15.7162,-488229.20739223703
2025,1,1,3,0.983,75.087384853468,5.1235797895128,0.9932,10.3998,92.721868736494,32.5424621251856,299.331898,1.5288,29.956514000000002,0.4986,10.570336,3020.259442,1.0016,14.8794,6.0178,0.9918,10.005598411952,0.989,1.0148,15.1528,1.0186,0.5008611607164,5435.944922,17.551766,2.0352,2.5354,0.9832,5487.2412,5.008947999999999,1.2468540000000001,27596.527794,15.7162,-486913.9434457165
2025,2,1,3,0.983,75.087384853468,5.1235797895128,0.9932,10.3998,92.721868736494,32.5424621251856,299.331898,1.5288,29.956514000000002,0.4986,10.570336,3020.259442,1.0016,14.8794,6.0178,0.9918,10.005598411952,0.989,1.0148,15.1528,1.0186,0.5008611607164,5435.944922,17.551766,2.0352,2.5354,0.9832,5487.2412,5.008947999999999,1.2468540000000001,27596.527794,15.7162,-487084.55485653563
2025,3,1,3,0.983,75.087384853468,5.1235797895128,0.9932,10.3998,92.721868736494,32.5424621251856,299.331898,1.5288,29.956514000000002,0.4986,10.570336,3020.259442,1.0016,14.8794,6.0178,0.9918,10.005598411952,0.989,1.0148,15.1528,1.0186,0.5008611607164,5435.944922,17.551766,2.0352,2.5354,0.9832,5487.2412,5.008947999999999,1.2468540000000001,27596.527794,15.7162,-487255.16626735486
2025,4,1,3,0.983,75.087384853468,5.1235797895128,0.9932,10.3998,92.721868736494,32.5424621251856,299.331898,1.5288,29.956514000000002,0.4986,10.570336,3020.259442,1.0016,14.8794,6.0178,0.9918,10.005598411952,0.989,1.0148,15.1528,1.0186,0.5008611607164,5435.944922,17.551766,2.0352,2.5354,0.9832,5487.2412,5.008947999999999,1.2468540000000001,27596.527794,15.7162,-487425.77767817397
2025,5,1,3,0.983,75.087384853468,5.1235797895128,0.9932,10.3998,92.721868736494,32.5424621251856,299.331898,1.5288,29.956514000000002,0.4986,10.570336,3020.259442,1.0016,14.8794,6.0178,0.9918,10.005598411952,0.989,1.0148,15.1528,1.0186,0.5008611607164,5435.944922,17.551766,2.0352,2.5354,0.9832,5487.2412,5.008947999999999,1.2468540000000001,27596.527794,15.7162,-487596.3890889932
2025,6,1,3,0.983,75.087384853468,5.1235797895128,0.9932,10.3998,92.721868736494,32.5424621251856,299.331898,1.5288,29.956514000000002,0.4986,10.570336,3020.259442,1.0016,14.8794,6.0178,0.9918,10.005598411952,0.989,1.0148,15.1528,1.0186,0.5008611607164,5435.944922,17.551766,2.0352,2.5354,0.9832,5487.2412,5.008947999999999,1.2468540000000001,27596.527794,15.7162,-487767.0004998123
2025,1,1,0,0.983,75.087384853468,5.1235797895128,0.9932,10.3998,92.721868736494,32.5424621251856,299.331898,1.5288,29.956514000000002,0.4986,10.570336,3020.259442,1.0016,14.8794,6.0178,0.9918,10.005598411952,0.989,1.0148,15.1528,1.0186,0.5008611607164,5435.944922,17.551766,2.0352,2.5354,0.9832,5487.2412,5.008947999999999,1.2468540000000001,27596.527794,15.7162,-488300.56412299117
2025,2,1,0,0.983,75.087384853468,5.1235797895128,0.9932,10.3998,92.721868736494,32.5424621251856,299.331898,1.5288,29.956514000000002,0.4986,10.570336,3020.259442,1.0016,14.8794,6.0178,0.9918,10.005598411952,0.989,1.0148,15.1528,1.0186,0.5008611607164,5435.944922,17.551766,2.0352,2.5354,0.9832,5487.2412,5.008947999999999,1.2468540000000001,27596.527794,15.7162,-488471.1755338103
2025,3,1,0,0.983,75.087384853468,5.1235797895128,0.9932,10.3998,92.721868736494,32.5424621251856,299.331898,1.5288,29.956514000000002,0.4986,10.570336,3020.259442,1.0016,14.8794,6.0178,0.9918,10.005598411952,0.989,1.0148,15.1528,1.0186,0.5008611607164,5435.944922,17.551766,2.0352,2.5354,0.9832,5487.2412,5.008947999999999,1.2468540000000001,27596.527794,15.7162,-488641.7869446295
2025,4,1,0,0.983,75.087384853468,5.1235797895128,0.9932,10.3998,92.721868736494,32.5424621251856,299.331898,1.5288,29.956514000000002,0.4986,10.570336,3020.259442,1.0016,14.8794,6.0178,0.9918,10.005598411952,0.989,1.0148,15.1528,1.0186,0.5008611607164,5435.944922,17.551766,2.0352,2.5354,0.9832,5487.2412,5.008947999999999,1.2468540000000001,27596.527794,15.7162,-488812.3983554486
2025,5,1,0,0.983,75.087384853468,5.1235797895128,0.9932,10.3998,92.721868736494,32.5424621251856,299.331898,1.5288,29.956514000000002,0.4986,10.570336,3020.259442,1.0016,14.8794,6.0178,0.9918,10.005598411952,0.989,1.0148,15.1528,1.0186,0.5008611607164,5435.944922,17.551766,2.0352,2.5354,0.9832,5487.2412,5.008947999999999,1.2468540000000001,27596.527794,15.7162,-488983.00976626785
2025,6,1,0,0.983,75.087384853468,5.1235797895128,0.9932,10.3998,92.721868736494,32.5424621251856,299.331898,1.5288,29.956514000000002,0.4986,10.570336,3020.259442,1.0016,14.8794,6.0178,0.9918,10.005598411952,0.989,1.0148,15.1528,1.0186,0.5008611607164,5435.944922,17.551766,2.0352,2.5354,0.9832,5487.2412,5.008947999999999,1.2468540000000001,27596.527794,15.7162,-489153.62117708696
2025,1,0,1,0.983,75.087384853468,5.1235797895128,0.9932,10.3998,92.721868736494,32.5424621251856,299.331898,1.5288,29.956514000000002,0.4986,10.570336,3020.259442,1.0016,14.8794,6.0178,0.9918,10.005598411952,0.989,1.0148,15.1528,1.0186,0.5008611607164,5435.944922,17.551766,2.0352,2.5354,0.9832,5487.2412,5.008947999999999,1.2468540000000001,27596.527794,15.7162,-488104.28631687304
2025,2,0,1,0.983,75.087384853468,5.1235797895128,0.9932,10.3998,92.721868736494,32.5424621251856,299.331898,1.5288,29.956514000000002,0.4986,10.570336,3020.259442,1.0016,14.8794,6.0178,0.9918,10.005598411952,0.989,1.0148,15.1528,1.0186,0.5008611607164,5435.944922,17.551766,2.0352,2.5354,0.9832,5487.2412,5.008947999999999,1.2468540000000001,27596.527794,15.7162,-488274.89772769215
2025,3,0,1,0.983,75.087384853468,5.1235797895128,0.9932,10.3998,92.721868736494,32.5424621251856,299.331898,1.5288,29.956514000000002,0.4986,10.570336,3020.259442,1.0016,14.8794,6.0178,0.9918,10.005598411952,0.989,1.0148,15.1528,1.0186,0.5008611607164,5435.944922,17.551766,2.0352,2.5354,0.9832,5487.2412,5.008947999999999,1.2468540000000001,27596.527794,15.7162,-488445.5091385114
2025,4,0,1,0.983,75.087384853468,5.1235797895128,0.9932,10.3998,92.721868736494,32.5424621251856,299.331898,1.5288,29.956514000000002,0.4986,10.570336,3020.259442,1.0016,14.8794,6.0178,0.9918,10.005598411952,0.989,1.0148,15.1528,1.0186,0.5008611607164,5435.944922,17.551766,2.0352,2.5354,0.9832,5487.2412,5.008947999999999,1.2468540000000001,27596.527794,15.7162,-488616.1205493305
2025,5,0,1,0.983,75.087384853468,5.1235797895128,0.9932,10.3998,92.721868736494,32.5424621251856,299.331898,1.5288,29.956514000000002,0.4986,10.570336,3020.259442,1.0016,14.8794,6.0178,0.9918,10.005598411952,0.989,1.0148,15.1528,1.0186,0.5008611607164,5435.944922,17.551766,2.0352,2.5354,0.9832,5487.2412,5.008947999999999,1.2468540000000001,27596.527794,15.7162,-488786.7319601497
2025,6,0,1,0.983,75.087384853468,5.1235797895128,0.9932,10.3998,92.721868736494,32.5424621251856,299.331898,1.5288,29.956514000000002,0.4986,10.570336,3020.259442,1.0016,14.8794,6.0178,0.9918,10.005598411952,0.989,1.0148,15.1528,1.0186,0.5008611607164,5435.944922,17.551766,2.0352,2.5354,0.9832,5487.2412,5.008947999999999,1.2468540000000001,27596.527794,15.7162,-488957.3433709688
2025,1,0,2,0.983,75.087384853468,5.1235797895128,0.9932,10.3998,92.721868736494,32.5424621251856,299.331898,1.5288,29.956514000000002,0.4986,10.570336,3020.259442,1.0016,14.8794,6.0178,0.9918,10.005598411952,0.989,1.0148,15.1528,1.0186,0.5008611607164,5435.944922,17.551766,2.0352,2.5354,0.9832,5487.2412,5.008947999999999,1.2468540000000001,27596.527794,15.7162,-487642.0794244483
2025,2,0,2,0.983,75.087384853468,5.1235797895128,0.9932,10.3998,92.721868736494,32.5424621251856,299.331898,1.5288,29.956514000000002,0.4986,10.570336,3020.259442,1.0016,14.8794,6.0178,0.9918,10.005598411952,0.989,1.0148,15.1528,1.0186,0.5008611607164,5435.944922,17.551766,2.0352,2.5354,0.9832,5487.2412,5.008947999999999,1.2468540000000001,27596.527794,15.7162,-487812.6908352674
2025,3,0,2,0.983,75.087384853468,5.1235797895128,0.9932,10.3998,92.721868736494,32.5424621251856,299.331898,1.5288,29.956514000000002,0.4986,10.570336,3020.259442,1.0016,14.8794,6.0178,0.9918,10.005598411952,0.989,1.0148,15.1528,1.0186,0.5008611607164,5435.944922,17.551766,2.0352,2.5354,0.9832,5487.2412,5.008947999999999,1.2468540000000001,27596.527794,15.7162,-487983.30224608665
2025,4,0,2,0.983,75.087384853468,5.1235797895128,0.9932,10.3998,92.721868736494,32.5424621251856,299.331898,1.5288,29.956514000000002,0.4986,10.570336,3020.259442,1.0016,14.8794,6.0178,0.9918,10.005598411952,0.989,1.0148,15.1528,1.0186,0.5008611607164,5435.944922,17.551766,2.0352,2.5354,0.9832,5487.2412,5.008947999999999,1.2468540000000001,27596.527794,15.7162,-488153.91365690576
2025,5,0,2,0.983,75.087384853468,5.1235797895128,0.9932,10.3998,92.721868736494,32.5424621251856,299.331898,1.5288,29.956514000000002,0.4986,10.570336,3020.259442,1.0016,14.8794,6.0178,0.9918,10.005598411952,0.989,1.0148,15.1528,1.0186,0.5008611607164,5435.944922,17.551766,2.0352,2.5354,0.9832,5487.2412,5.008947999999999,1.2468540000000001,27596.527794,15.7162,-488324.525067725
2025,6,0,2,0.983,75.087384853468,5.1235797895128,0.9932,10.3998,92.721868736494,32.5424621251856,299.331898,1.5288,29.956514000000002,0.4986,10.570336,3020.259442,1.0016,14.8794,6.0178,0.9918,10.005598411952,0.989,1.0148,15.1528,1.0186,0.5008611607164,5435.944922,17.551766,2.0352,2.5354,0.9832,5487.2412,5.008947999999999,1.2468540000000001,27596.527794,15.7162,-488495.1364785441
2025,1,0,3,0.983,75.087384853468,5.1235797895128,0.9932,10.3998,92.721868736494,32.5424621251856,299.331898,1.5288,29.956514000000002,0.4986,10.570336,3020.259442,1.0016,14.8794,6.0178,0.9918,10.005598411952,0.989,1.0148,15.1528,1.0186,0.5008611607164,5435.944922,17.551766,2.0352,2.5354,0.9832,5487.2412,5.008947999999999,1.2468540000000001,27596.527794,15.7162,-487179.8725320231
2025,2,0,3,0.983,75.087384853468,5.1235797895128,0.9932,10.3998,92.721868736494,32.5424621251856,299.331898,1.5288,29.956514000000002,0.4986,10.570336,3020.259442,1.0016,14.8794,6.0178,0.9918,10.005598411952,0.989,1.0148,15.1528,1.0186,0.5008611607164,5435.944922,17.551766,2.0352,2.5354,0.9832,5487.2412,5.008947999999999,1.2468540000000001,27596.527794,15.7162,-487350.4839428422
2025,3,0,3,0.983,75.087384853468,5.1235797895128,0.9932,10.3998,92.721868736494,32.5424621251856,299.331898,1.5288,29.956514000000002,0.4986,10.570336,3020.259442,1.0016,14.8794,6.0178,0.9918,10.005598411952,0.989,1.0148,15.1528,1.0186,0.5008611607164,5435.944922,17.551766,2.0352,2.5354,0.9832,5487.2412,5.008947999999999,1.2468540000000001,27596.527794,15.7162,-487521.09535366145
2025,4,0,3,0.983,75.087384853468,5.1235797895128,0.9932,10.3998,92.721868736494,32.5424621251856,299.331898,1.5288,29.956514000000002,0.4986,10.570336,3020.259442,1.0016,14.8794,6.0178,0.9918,10.005598411952,0.989,1.0148,15.1528,1.0186,0.5008611607164,5435.944922,17.551766,2.0352,2.5354,0.9832,5487.2412,5.008947999999999,1.2468540000000001,27596.527794,15.7162,-487691.70676448056
2025,5,0,3,0.983,75.087384853468,5.1235797895128,0.9932,10.3998,92.721868736494,32.5424621251856,299.331898,1.5288,29.956514000000002,0.4986,10.570336,3020.259442,1.0016,14.8794,6.0178,0.9918,10.005598411952,0.989,1.0148,15.1528,1.0186,0.5008611607164,5435.944922,17.551766,2.0352,2.5354,0.9832,5487.2412,5.008947999999999,1.2468540000000001,27596.527794,15.7162,-487862.3181752998
2025,6,0,3,0.983,75.087384853468,5.1235797895128,0.9932,10.3998,92.721868736494,32.5424621251856,299.331898,1.5288,29.956514000000002,0.4986,10.570336,3020.259442,1.0016,14.8794,6.0178,0.9918,10.005598411952,0.989,1.0148,15.1528,1.0186,0.5008611607164,5435.944922,17.551766,2.0352,2.5354,0.9832,5487.2412,5.008947999999999,1.2468540000000001,27596.527794,15.7162,-488032.9295861189
2025,1,0,0,0.983,75.087384853468,5.1235797895128,0.9932,10.3998,92.721868736494,32.5424621251856,299.331898,1.5288,29.956514000000002,0.4986,10.570336,3020.259442,1.0016,14.8794,6.0178,0.9918,10.005598411952,0.989,1.0148,15.1528,1.0186,0.5008611607164,5435.944922,17.551766,2.0352,2.5354,0.9832,5487.2412,5.008947999999999,1.2468540000000001,27596.527794,15.7162,-488566.49320929823
2025,2,0,0,0.983,75.087384853468,5.1235797895128,0.9932,10.3998,92.721868736494,32.5424621251856,299.331898,1.5288,29.956514000000002,0.4986,10.570336,3020.259442,1.0016,14.8794,6.0178,0.9918,10.005598411952,0.989,1.0148,15.1528,1.0186,0.5008611607164,5435.944922,17.551766,2.0352,2.5354,0.9832,5487.2412,5.008947999999999,1.2468540000000001,27596.527794,15.7162,-488737.10462011734
2025,3,0,0,0.983,75.087384853468,5.1235797895128,0.9932,10.3998,92.721868736494,32.5424621251856,299.331898,1.5288,29.956514000000002,0.4986,10.570336,3020.259442,1.0016,14.8794,6.0178,0.9918,10.005598411952,0.989,1.0148,15.1528,1.0186,0.5008611607164,5435.944922,17.551766,2.0352,2.5354,0.9832,5487.2412,5.008947999999999,1.2468540000000001,27596.527794,15.7162,-488907.7160309366
2025,4,0,0,0.983,75.087384853468,5.1235797895128,0.9932,10.3998,92.721868736494,32.5424621251856,299.331898,1.5288,29.956514000000002,0.4986,10.570336,3020.259442,1.0016,14.8794,6.0178,0.9918,10.005598411952,0.989,1.0148,15.1528,1.0186,0.5008611607164,5435.944922,17.551766,2.0352,2.5354,0.9832,5487.2412,5.008947999999999,1.2468540000000001,27596.527794,15.7162,-489078.3274417557
2025,5,0,0,0.983,75.087384853468,5.1235797895128,0.9932,10.3998,92.721868736494,32.5424621251856,299.331898,1.5288,29.956514000000002,0.4986,10.570336,3020.259442,1.0016,14.8794,6.0178,0.9918,10.005598411952,0.989,1.0148,15.1528,1.0186,0.5008611607164,5435.944922,17.551766,2.0352,2.5354,0.9832,5487.2412,5.008947999999999,1.2468540000000001,27596.527794,15.7162,-489248.9388525749
2025,6,0,0,0.983,75.087384853468,5.1235797895128,0.9932,10.3998,92.721868736494,32.5424621251856,299.331898,1.5288,29.956514000000002,0.4986,10.570336,3020.259442,1.0016,14.8794,6.0178,0.9918,10.005598411952,0.989,1.0148,15.1528,1.0186,0.5008611607164,5435.944922,17.551766,2.0352,2.5354,0.9832,5487.2412,5.008947999999999,1.2468540000000001,27596.527794,15.7162,-489419.550263394
2025,1,3,1,0.983,75.087384853468,5.1235797895128,0.9932,10.3998,92.721868736494,32.5424621251856,299.331898,1.5288,29.956514000000002,0.4986,10.570336,3020.259442,1.0016,14.8794,6.0178,0.9918,10.005598411952,0.989,1.0148,15.1528,1.0186,0.5008611607164,5435.944922,17.551766,2.0352,2.5354,0.9832,5487.2412,5.008947999999999,1.2468540000000001,27596.527794,15.7162,-487306.4990579528
2025,2,3,1,0.983,75.087384853468,5.1235797895128,0.9932,10.3998,92.721868736494,32.5424621251856,299.331898,1.5288,29.956514000000002,0.4986,10.570336,3020.259442,1.0016,14.8794,6.0178,0.9918,10.005598411952,0.989,1.0148,15.1528,1.0186,0.5008611607164,5435.944922,17.551766,2.0352,2.5354,0.9832,5487.2412,5.008947999999999,1.2468540000000001,27596.527794,15.7162,-487477.1104687719
2025,3,3,1,0.983,75.087384853468,5.1235797895128,0.9932,10.3998,92.721868736494,32.5424621251856,299.331898,1.5288,29.956514000000002,0.4986,10.570336,3020.259442,1.0016,14.8794,6.0178,0.9918,10.005598411952,0.989,1.0148,15.1528,1.0186,0.5008611607164,5435.944922,17.551766,2.0352,2.5354,0.9832,5487.2412,5.008947999999999,1.2468540000000001,27596.527794,15.7162,-487647.7218795911
2025,4,3,1,0.983,75.087384853468,5.1235797895128,0.9932,10.3998,92.721868736494,32.5424621251856,299.331898,1.5288,29.956514000000002,0.4986,10.570336,3020.259442,1.0016,14.8794,6.0178,0.9918,10.005598411952,0.989,1.0148,15.1528,1.0186,0.5008611607164,5435.944922,17.551766,2.0352,2.5354,0.9832,5487.2412,5.008947999999999,1.2468540000000001,27596.527794,15.7162,-487818.3332904102
2025,5,3,1,0.983,75.087384853468,5.1235797895128,0.9932,10.3998,92.721868736494,32.5424621251856,299.331898,1.5288,29.956514000000002,0.4986,10.570336,3020.259442,1.0016,14.8794,6.0178,0.9918,10.005598411952,0.989,1.0148,15.1528,1.0186,0.5008611607164,5435.944922,17.551766,2.0352,2.5354,0.9832,5487.2412,5.008947999999999,1.2468540000000001,27596.527794,15.7162,-487988.94470122945
2025,6,3,1,0.983,75.087384853468,5.1235797895128,0.9932,10.3998,92.721868736494,32.5424621251856,299.331898,1.5288,29.956514000000002,0.4986,10.570336,3020.259442,1.0016,14.8794,6.0178,0.9918,10.005598411952,0.989,1.0148,15.1528,1.0186,0.5008611607164,5435.944922,17.551766,2.0352,2.5354,0.9832,5487.2412,5.008947999999999,1.2468540000000001,27596.527794,15.7162,-488159.55611204857
2025,1,3,2,0.983,75.087384853468,5.1235797895128,0.9932,10.3998,92.721868736494,32.5424621251856,299.331898,1.5288,29.956514000000002,0.4986,10.570336,3020.259442,1.0016,14.8794,6.0178,0.9918,10.005598411952,0.989,1.0148,15.1528,1.0186,0.5008611607164,5435.944922,17.551766,2.0352,2.5354,0.9832,5487.2412,5.008947999999999,1.2468540000000001,27596.527794,15.7162,-486844.29216552805
2025,2,3,2,0.983,75.087384853468,5.1235797895128,0.9932,10.3998,92.721868736494,32.5424621251856,299.331898,1.5288,29.956514000000002,0.4986,10.570336,3020.259442,1.0016,14.8794,6.0178,0.9918,10.005598411952,0.989,1.0148,15.1528,1.0186,0.5008611607164,5435.944922,17.551766,2.0352,2.5354,0.9832,5487.2412,5.008947999999999,1.2468540000000001,27596.527794,15.7162,-487014.90357634716
2025,3,3,2,0.983,75.087384853468,5.1235797895128,0.9932,10.3998,92.721868736494,32.5424621251856,299.331898,1.5288,29.956514000000002,0.4986,10.570336,3020.259442,1.0016,14.8794,6.0178,0.9918,10.005598411952,0.989,1.0148,15.1528,1.0186,0.5008611607164,5435.944922,17.551766,2.0352,2.5354,0.9832,5487.2412,5.008947999999999,1.2468540000000001,27596.527794,15.7162,-487185.5149871664
2025,4,3,2,0.983,75.087384853468,5.1235797895128,0.9932,10.3998,92.721868736494,32.5424621251856,299.331898,1.5288,29.956514000000002,0.4986,10.570336,3020.259442,1.0016,14.8794,6.0178,0.9918,10.005598411952,0.989,1.0148,15.1528,1.0186,0.5008611607164,5435.944922,17.551766,2.0352,2.5354,0.9832,5487.2412,5.008947999999999,1.2468540000000001,27596.527794,15.7162,-487356.1263979855
2025,5,3,2,0.983,75.087384853468,5.1235797895128,0.9932,10.3998,92.721868736494,32.5424621251856,299.331898,1.5288,29.956514000000002,0.4986,10.570336,3020.259442,1.0016,14.8794,6.0178,0.9918,10.005598411952,0.989,1.0148,15.1528,1.0186,0.5008611607164,5435.944922,17.551766,2.0352,2.5354,0.9832,5487.2412,5.008947999999999,1.2468540000000001,27596.527794,15.7162,-487526.7378088047
2025,6,3,2,0.983,75.087384853468,5.1235797895128,0.9932,10.3998,92.721868736494,32.5424621251856,299.331898,1.5288,29.956514000000002,0.4986,10.570336,3020.259442,1.0016,14.8794,6.0178,0.9918,10.005598411952,0.989,1.0148,15.1528,1.0186,0.5008611607164,5435.944922,17.551766,2.0352,2.5354,0.9832,5487.2412,5.008947999999999,1.2468540000000001,27596.527794,15.7162,-487697.34921962384
2025,1,3,3,0.983,75.087384853468,5.1235797895128,0.9932,10.3998,92.721868736494,32.5424621251856,299.331898,1.5288,29.956514000000002,0.4986,10.570336,3020.259442,1.0016,14.8794,6.0178,0.9918,10.005598411952,0.989,1.0148,15.1528,1.0186,0.5008611607164,5435.944922,17.551766,2.0352,2.5354,0.9832,5487.2412,5.008947999999999,1.2468540000000001,27596.527794,15.7162,-486382.08527310286
2025,2,3,3,0.983,75.087384853468,5.1235797895128,0.9932,10.3998,92.721868736494,32.5424621251856,299.331898,1.5288,29.956514000000002,0.4986,10.570336,3020.259442,1.0016,14.8794,6.0178,0.9918,10.005598411952,0.989,1.0148,15.1528,1.0186,0.5008611607164,5435.944922,17.551766,2.0352,2.5354,0.9832,5487.2412,5.008947999999999,1.2468540000000001,27596.527794,15.7162,-486552.69668392197
2025,3,3,3,0.983,75.087384853468,5.1235797895128,0.9932,10.3998,92.721868736494,32.5424621251856,299.331898,1.5288,29.956514000000002,0.4986,10.570336,3020.259442,1.0016,14.8794,6.0178,0.9918,10.005598411952,0.989,1.0148,15.1528,1.0186,0.5008611607164,5435.944922,17.551766,2.0352,2.5354,0.9832,5487.2412,5.008947999999999,1.2468540000000001,27596.527794,15.7162,-486723.3080947412
2025,4,3,3,0.983,75.087384853468,5.1235797895128,0.9932,10.3998,92.721868736494,32.5424621251856,299.331898,1.5288,29.956514000000002,0.4986,10.570336,3020.259442,1.0016,14.8794,6.0178,0.9918,10.005598411952,0.989,1.0148,15.1528,1.0186,0.5008611607164,5435.944922,17.551766,2.0352,2.5354,0.9832,5487.2412,5.008947999999999,1.2468540000000001,27596.527794,15.7162,-486893.9195055603
2025,5,3,3,0.983,75.087384853468,5.1235797895128,0.9932,10.3998,92.721868736494,32.5424621251856,299.331898,1.5288,29.956514000000002,0.4986,10.570336,3020.259442,1.0016,14.8794,6.0178,0.9918,10.005598411952,0.989,1.0148,15.1528,1.0186,0.5008611607164,5435.944922,17.551766,2.0352,2.5354,0.9832,5487.2412,5.008947999999999,1.2468540000000001,27596.527794,15.7162,-487064.53091637953
2025,6,3,3,0.983,75.087384853468,5.1235797895128,0.9932,10.3998,92.721868736494,32.5424621251856,299.331898,1.5288,29.956514000000002,0.4986,10.570336,3020.259442,1.0016,14.8794,6.0178,0.9918,10.005598411952,0.989,1.0148,15.1528,1.0186,0.5008611607164,5435.944922,17.551766,2.0352,2.5354,0.9832,5487.2412,5.008947999999999,1.2468540000000001,27596.527794,15.7162,-487235.14232719864
2025,1,3,0,0.983,75.087384853468,5.1235797895128,0.9932,10.3998,92.721868736494,32.5424621251856,299.331898,1.5288,29.956514000000002,0.4986,10.570336,3020.259442,1.0016,14.8794,6.0178,0.9918,10.005598411952,0.989,1.0148,15.1528,1.0186,0.5008611607164,5435.944922,17.551766,2.0352,2.5354,0.9832,5487.2412,5.008947999999999,1.2468540000000001,27596.527794,15.7162,-487768.705950378
2025,2,3,0,0.983,75.087384853468,5.1235797895128,0.9932,10.3998,92.721868736494,32.5424621251856,299.331898,1.5288,29.956514000000002,0.4986,10.570336,3020.259442,1.0016,14.8794,6.0178,0.9918,10.005598411952,0.989,1.0148,15.1528,1.0186,0.5008611607164,5435.944922,17.551766,2.0352,2.5354,0.9832,5487.2412,5.008947999999999,1.2468540000000001,27596.527794,15.7162,-487939.3173611971
2025,3,3,0,0.983,75.087384853468,5.1235797895128,0.9932,10.3998,92.721868736494,32.5424621251856,299.331898,1.5288,29.956514000000002,0.4986,10.570336,3020.259442,1.0016,14.8794,6.0178,0.9918,10.005598411952,0.989,1.0148,15.1528,1.0186,0.5008611607164,5435.944922,17.551766,2.0352,2.5354,0.9832,5487.2412,5.008947999999999,1.2468540000000001,27596.527794,15.7162,-488109.9287720163
2025,4,3,0,0.983,75.087384853468,5.1235797895128,0.9932,10.3998,92.721868736494,32.5424621251856,299.331898,1.5288,29.956514000000002,0.4986,10.570336,3020.259442,1.0016,14.8794,6.0178,0.9918,10.005598411952,0.989,1.0148,15.1528,1.0186,0.5008611607164,5435.944922,17.551766,2.0352,2.5354,0.9832,5487.2412,5.008947999999999,1.2468540000000001,27596.527794,15.7162,-488280.5401828354
2025,5,3,0,0.983,75.087384853468,5.1235797895128,0.9932,10.3998,92.721868736494,32.5424621251856,299.331898,1.5288,29.956514000000002,0.4986,10.570336,3020.259442,1.0016,14.8794,6.0178,0.9918,10.005598411952,0.989,1.0148,15.1528,1.0186,0.5008611607164,5435.944922,17.551766,2.0352,2.5354,0.9832,5487.2412,5.008947999999999,1.2468540000000001,27596.527794,15.7162,-488451.15159365465
2025,6,3,0,0.983,75.087384853468,5.1235797895128,0.9932,10.3998,92.721868736494,32.5424621251856,299.331898,1.5288,29.956514000000002,0.4986,10.570336,3020.259442,1.0016,14.8794,6.0178,0.9918,10.005598411952,0.989,1.0148,15.1528,1.0186,0.5008611607164,5435.944922,17.551766,2.0352,2.5354,0.9832,5487.2412,5.008947999999999,1.2468540000000001,27596.527794,15.7162,-488621.76300447376
2025,1,4,1,0.983,75.087384853468,5.1235797895128,0.9932,10.3998,92.721868736494,32.5424621251856,299.331898,1.5288,29.956514000000002,0.4986,10.570336,3020.259442,1.0016,14.8794,6.0178,0.9918,10.005598411952,0.989,1.0148,15.1528,1.0186,0.5008611607164,5435.944922,17.551766,2.0352,2.5354,0.9832,5487.2412,5.008947999999999,1.2468540000000001,27596.527794,15.7162,-487040.5699716462
2025,2,4,1,0.983,75.087384853468,5.1235797895128,0.9932,10.3998,92.721868736494,32.5424621251856,299.331898,1.5288,29.956514000000002,0.4986,10.570336,3020.259442,1.0016,14.8794,6.0178,0.9918,10.005598411952,0.989,1.0148,15.1528,1.0186,0.5008611607164,5435.944922,17.551766,2.0352,2.5354,0.9832,5487.2412,5.008947999999999,1.2468540000000001,27596.527794,15.7162,-487211.1813824653
2025,3,4,1,0.983,75.087384853468,5.1235797895128,0.9932,10.3998,92.721868736494,32.5424621251856,299.331898,1.5288,29.956514000000002,0.4986,10.570336,3020.259442,1.0016,14.8794,6.0178,0.9918,10.005598411952,0.989,1.0148,15.1528,1.0186,0.5008611607164,5435.944922,17.551766,2.0352,2.5354,0.9832,5487.2412,5.008947999999999,1.2468540000000001,27596.527794,15.7162,-487381.7927932845
2025,4,4,1,0.983,75.087384853468,5.1235797895128,0.9932,10.3998,92.721868736494,32.5424621251856,299.331898,1.5288,29.956514000000002,0.4986,10.570336,3020.259442,1.0016,14.8794,6.0178,0.9918,10.005598411952,0.989,1.0148,15.1528,1.0186,0.5008611607164,5435.944922,17.551766,2.0352,2.5354,0.9832,5487.2412,5.008947999999999,1.2468540000000001,27596.527794,15.7162,-487552.40420410363
2025,5,4,1,0.983,75.087384853468,5.1235797895128,0.9932,10.3998,92.721868736494,32.5424621251856,299.331898,1.5288,29.956514000000002,0.4986,10.570336,3020.259442,1.0016,14.8794,6.0178,0.9918,10.005598411952,0.989,1.0148,15.1528,1.0186,0.5008611607164,5435.944922,17.551766,2.0352,2.5354,0.9832,5487.2412,5.008947999999999,1.2468540000000001,27596.527794,15.7162,-487723.01561492286
2025,6,4,1,0.983,75.087384853468,5.1235797895128,0.9932,10.3998,92.721868736494,32.5424621251856,299.331898,1.5288,29.956514000000002,0.4986,10.570336,3020.259442,1.0016,14.8794,6.0178,0.9918,10.005598411952,0.989,1.0148,15.1528,1.0186,0.5008611607164,5435.944922,17.551766,2.0352,2.5354,0.9832,5487.2412,5.008947999999999,1.2468540000000001,27596.527794,15.7162,-487893.62702574197
2025,1,4,2,0.983,75.087384853468,5.1235797895128,0.9932,10.3998,92.721868736494,32.5424621251856,299.331898,1.5288,29.956514000000002,0.4986,10.570336,3020.259442,1.0016,14.8794,6.0178,0.9918,10.005598411952,0.989,1.0148,15.1528,1.0186,0.5008611607164,5435.944922,17.551766,2.0352,2.5354,0.9832,5487.2412,5.008947999999999,1.2468540000000001,27596.527794,15.7162,-486578.36307922145
2025,2,4,2,0.983,75.087384853468,5.1235797895128,0.9932,10.3998,92.721868736494,32.5424621251856,299.331898,1.5288,29.956514000000002,0.4986,10.570336,3020.259442,1.0016,14.8794,6.0178,0.9918,10.005598411952,0.989,1.0148,15.1528,1.0186,0.5008611607164,5435.944922,17.551766,2.0352,2.5354,0.9832,5487.2412,5.008947999999999,1.2468540000000001,27596.527794,15.7162,-486748.97449004056
2025,3,4,2,0.983,75.087384853468,5.1235797895128,0.9932,10.3998,92.721868736494,32.5424621251856,299.331898,1.5288,29.956514000000002,0.4986,10.570336,3020.259442,1.0016,14.8794,6.0178,0.9918,10.005598411952,0.989,1.0148,15.1528,1.0186,0.5008611607164,5435.944922,17.551766,2.0352,2.5354,0.9832,5487.2412,5.008947999999999,1.2468540000000001,27596.527794,15.7162,-486919.5859008598
2025,4,4,2,0.983,75.087384853468,5.1235797895128,0.9932,10.3998,92.721868736494,32.5424621251856,299.331898,1.5288,29.956514000000002,0.4986,10.570336,3020.259442,1.0016,14.8794,6.0178,0.9918,10.005598411952,0.989,1.0148,15.1528,1.0186,0.5008611607164,5435.944922,17.551766,2.0352,2.5354,0.9832,5487.2412,5.008947999999999,1.2468540000000001,27596.527794,15.7162,-487090.1973116789
2025,5,4,2,0.983,75.087384853468,5.1235797895128,0.9932,10.3998,92.721868736494,32.5424621251856,299.331898,1.5288,29.956514000000002,0.4986,10.570336,3020.259442,1.0016,14.8794,6.0178,0.9918,10.005598411952,0.989,1.0148,15.1528,1.0186,0.5008611607164,5435.944922,17.551766,2.0352,2.5354,0.9832,5487.2412,5.008947999999999,1.2468540000000001,27596.527794,15.7162,-487260.8087224981
2025,6,4,2,0.983,75.087384853468,5.1235797895128,0.9932,10.3998,92.721868736494,32.5424621251856,299.331898,1.5288,29.956514000000002,0.4986,10.570336,3020.259442,1.0016,14.8794,6.0178,0.9918,10.005598411952,0.989,1.0148,15.1528,1.0186,0.5008611607164,5435.944922,17.551766,2.0352,2.5354,0.9832,5487.2412,5.008947999999999,1.2468540000000001,27596.527794,15.7162,-487431.42013331724
2025,1,4,3,0.983,75.087384853468,5.1235797895128,0.9932,10.3998,92.721868736494,32.5424621251856,299.331898,1.5288,29.956514000000002,0.4986,10.570336,3020.259442,1.0016,14.8794,6.0178,0.9918,10.005598411952,0.989,1.0148,15.1528,1.0186,0.5008611607164,5435.944922,17.551766,2.0352,2.5354,0.9832,5487.2412,5.008947999999999,1.2468540000000001,27596.527794,15.7162,-486116.15618679626
2025,2,4,3,0.983,75.087384853468,5.1235797895128,0.9932,10.3998,92.721868736494,32.5424621251856,299.331898,1.5288,29.956514000000002,0.4986,10.570336,3020.259442,1.0016,14.8794,6.0178,0.9918,10.005598411952,0.989,1.0148,15.1528,1.0186,0.5008611607164,5435.944922,17.551766,2.0352,2.5354,0.9832,5487.2412,5.008947999999999,1.2468540000000001,27596.527794,15.7162,-486286.76759761537
2025,3,4,3,0.983,75.087384853468,5.1235797895128,0.9932,10.3998,92.721868736494,32.5424621251856,299.331898,1.5288,29.956514000000002,0.4986,10.570336,3020.259442,1.0016,14.8794,6.0178,0.9918,10.005598411952,0.989,1.0148,15.1528,1.0186,0.5008611607164,5435.944922,17.551766,2.0352,2.5354,0.9832,5487.2412,5.008947999999999,1.2468540000000001,27596.527794,15.7162,-486457.3790084346
2025,4,4,3,0.983,75.087384853468,5.1235797895128,0.9932,10.3998,92.721868736494,32.5424621251856,299.331898,1.5288,29.956514000000002,0.4986,10.570336,3020.259442,1.0016,14.8794,6.0178,0.9918,10.005598411952,0.989,1.0148,15.1528,1.0186,0.5008611607164,5435.944922,17.551766,2.0352,2.5354,0.9832,5487.2412,5.008947999999999,1.2468540000000001,27596.527794,15.7162,-486627.9904192537
2025,5,4,3,0.983,75.087384853468,5.1235797895128,0.9932,10.3998,92.721868736494,32.5424621251856,299.331898,1.5288,29.956514000000002,0.4986,10.570336,3020.259442,1.0016,14.8794,6.0178,0.9918,10.005598411952,0.989,1.0148,15.1528,1.0186,0.5008611607164,5435.944922,17.551766,2.0352,2.5354,0.9832,5487.2412,5.008947999999999,1.2468540000000001,27596.527794,15.7162,-486798.60183007293
2025,6,4,3,0.983,75.087384853468,5.1235797895128,0.9932,10.3998,92.721868736494,32.5424621251856,299.331898,1.5288,29.956514000000002,0.4986,10.570336,3020.259442,1.0016,14.8794,6.0178,0.9918,10.005598411952,0.989,1.0148,15.1528,1.0186,0.5008611607164,5435.944922,17.551766,2.0352,2.5354,0.9832,5487.2412,5.008947999999999,1.2468540000000001,27596.527794,15.7162,-486969.21324089204
2025,1,4,0,0.983,75.087384853468,5.1235797895128,0.9932,10.3998,92.721868736494,32.5424621251856,299.331898,1.5288,29.956514000000002,0.4986,10.570336,3020.259442,1.0016,14.8794,6.0178,0.9918,10.005598411952,0.989,1.0148,15.1528,1.0186,0.5008611607164,5435.944922,17.551766,2.0352,2.5354,0.9832,5487.2412,5.008947999999999,1.2468540000000001,27596.527794,15.7162,-487502.7768640714
2025,2,4,0,0.983,75.087384853468,5.1235797895128,0.9932,10.3998,92.721868736494,32.5424621251856,299.331898,1.5288,29.956514000000002,0.4986,10.570336,3020.259442,1.0016,14.8794,6.0178,0.9918,10.005598411952,0.989,1.0148,15.1528,1.0186,0.5008611607164,5435.944922,17.551766,2.0352,2.5354,0.9832,5487.2412,5.008947999999999,1.2468540000000001,27596.527794,15.7162,-487673.3882748905
2025,3,4,0,0.983,75.087384853468,5.1235797895128,0.9932,10.3998,92.721868736494,32.5424621251856,299.331898,1.5288,29.956514000000002,0.4986,10.570336,3020.259442,1.0016,14.8794,6.0178,0.9918,10.005598411952,0.989,1.0148,15.1528,1.0186,0.5008611607164,5435.944922,17.551766,2.0352,2.5354,0.9832,5487.2412,5.008947999999999,1.2468540000000001,27596.527794,15.7162,-487843.9996857097
2025,4,4,0,0.983,75.087384853468,5.1235797895128,0.9932,10.3998,92.721868736494,32.5424621251856,299.331898,1.5288,29.956514000000002,0.4986,10.570336,3020.259442,1.0016,14.8794,6.0178,0.9918,10.005598411952,0.989,1.0148,15.1528,1.0186,0.5008611607164,5435.944922,17.551766,2.0352,2.5354,0.9832,5487.2412,5.008947999999999,1.2468540000000001,27596.527794,15.7162,-488014.6110965288
2025,5,4,0,0.983,75.087384853468,5.1235797895128,0.9932,10.3998,92.721868736494,32.5424621251856,299.331898,1.5288,29.956514000000002,0.4986,10.570336,3020.259442,1.0016,14.8794,6.0178,0.9918,10.005598411952,0.989,1.0148,15.1528,1.0186,0.5008611607164,5435.944922,17.551766,2.0352,2.5354,0.9832,5487.2412,5.008947999999999,1.2468540000000001,27596.527794,15.7162,-488185.22250734805
2025,6,4,0,0.983,75.087384853468,5.1235797895128,0.9932,10.3998,92.721868736494,32.5424621251856,299.331898,1.5288,29.956514000000002,0.4986,10.570336,3020.259442,1.0016,14.8794,6.0178,0.9918,10.005598411952,0.989,1.0148,15.1528,1.0186,0.5008611607164,5435.944922,17.551766,2.0352,2.5354,0.9832,5487.2412,5.008947999999999,1.2468540000000001,27596.527794,15.7162,-488355.83391816716
